"SGI 2022 Values", Sustainable Policies, Inflation, Gross Fixed Capital Formation, Real Interest Rates, Potential Output Growth Rate, Real GDP Growth Rate, Unemployment, Long-term Unemployment, Youth Unemployment, Low-skilled Unemployment, Employment, Low Pay Incidence, Employment Rates by Gender, Involuntary Part-time Employment, Tax System Complexity, Structural Balance, Statutory Corporate Tax Rate, Redistribution Effect, Statutory Maximum Personal Income Tax Rate, Debt to GDP, Primary Balance, Gross Interest Payments by General Govt, Budget Consolidation, Debt per Child, External Debt to GDP, Public R&D Spending, Private R&D Spending, Total Researchers, Intellectual Property Licenses, PCT Patent Applications, Quality of Overall Infrastructure, Tier 1 Capital Ratio, Banks' Nonperforming Loans, Financial Secrecy Score, External Debt to Exports, Upper Secondary Attainment, Tertiary Attainment, PISA results, PISA Results According to Socioeconomic Background, Pre-primary Education Expenditure, PISA Low Achievers in all Subjects, Less Than Upper Secondary Education by Gender, Poverty Rate, NEET Rate, Gini Coefficient, Gender Equality in Parliaments, Life Satisfaction, Gender Wage Gap, Spending on Preventive Health Programs, Healthy Life Expectancy, Infant Mortality, Perceived Health Status, Household Out Of Pocket Expenses, Physicians per 1000 Inhabitants," Child Care Enrolment, Age 0-2"," Child Care Enrolment, Age 3-5", Fertility Rate, Child Poverty Rate, Female Labor Force Participation Rate, Older Employment, Old Age Dependency Ratio, Senior Citizen Poverty, FB-N Upper Secondary Attainment, FB-N Tertiary Attainment, FB-N Unemployment, FB-N Employment, Homicides, Personal Security, Confidence in Police, ODA, Energy Productivity, Gross Greenhouse Gas Emissions, Particulate Matter, Biocapacity, Waste Generation, Material Recycling, Biodiversity, Renewable Energy, Material Footprint, Multilateral Environmental Agreements, Net Greenhouse Gas Emissions
Australia,5.7307037526299,2.82,22.94,-3.87,4.01,4.69,5.26,1.03,11.27,7.58,74.97,15.46,0.9,29.53,85.67,-7.68,30.0,28.41,47.0,59.81,-6.66,0.49,1,174.38,0.19,0.78,1.47,9.03,0.32,72.89,4.91,13.88,0.91,56.15,4.17,83.76,49.34,498.99,3.86,0.22,11.22,1.01,12.4,15.88,32.5,30.46,7.16,12.27,1.99,71,3.1,0.9,28.5,3.9,39.8,84.2,1.58,13.3,0.9,65.38,25.71,23.7,1.08,1.46,1.17,0.95,0.87,83,6.05,0.22,0.23,20.54,0.0,11.47,498.82,24.57,15.45,10.13,46.82,0.83,18.98
Austria,6.33755362052529,2.75,27.57,-1.83,5.64,4.48,6.3,1.95,11.0,13.6,72.4,14.74,0.89,9.2,83.5,-4.94,25.0,43.62,50.0,83.06,-4.98,1.11,1,345.21,0.54,1.06,2.14,12.38,1.02,179.17,5.04,16.14,1.53,54.63,2.74,85.9,34.6,491.04,5.21,0.36,13.51,1.4,9.1,9.7,26.7,39.34,7.16,13.33,3.58,71,3.0,0.75,15.43,5.45,21.1,87.4,1.44,12.4,0.89,55.4,29.49,8.2,0.85,0.97,2.43,0.91,0.72,91,6.16,0.31,0.35,8.27,13.44,2.68,588.0,26.19,17.0,33.77,24.62,0.77,8.13
Belgium,6.01682622731139,3.22,26.32,-4.23,8.49,6.28,6.3,2.65,18.2,12.9,65.3,11.5,0.9,21.4,78.38,-5.8,25.0,46.42,53.07,108.25,-4.67,1.66,1,369.2,0.64,0.56,2.6,14.12,1.21,112.9,4.91,18.81,2.03,52.53,2.88,81.5,44.9,499.9,7.85,0.68,12.49,0.89,6.3,11.2,23.9,41.33,6.8,3.8,2.09,71,3.4,0.65,16.45,3.21,54.6,96.9,1.55,6.6,0.89,54.5,30.84,8.0,0.82,0.85,2.13,0.89,1.69,80,5.56,0.46,0.26,9.24,9.79,0.76,416.0,35.34,15.43,10.21,33.45,0.93,9.21
Bulgaria,5.26911300925681,2.84,19.56,-5.68,12.08,4.18,5.3,2.6,15.8,15.6,68.1,20.42,0.89,49.0,72.32,-2.24,10.0,23.14,10.0,23.83,-2.87,0.5,1,42.5,0.12,0.2,0.63,5.59,0.84,7.8,3.82,21.79,5.08,52.78,0.92,83.4,29.6,426.65,5.81,0.92,31.94,0.98,14.6,18.8,39.7,26.67,5.37,2.55,2.83,66,5.1,0.61,35.63,4.22,15.0,93.5,1.56,17.9,0.89,64.8,34.21,20.5,1.17,1.66,1.3,0.83,0.99,77,3.86,0.12,0.21,7.08,82.75,3.28,407.0,29.73,17.0,19.34,15.02,0.93,5.69
Canada,6.52822133519618,3.4,23.69,-6.3,11.01,4.56,7.44,1.22,13.5,12.31,73.23,20.68,0.92,23.72,88.05,-3.62,26.21,28.5,53.53,112.06,-5.3,2.67,1,376.9,0.26,0.56,1.14,8.8,0.52,83.94,4.98,15.09,0.02,51.15,4.24,92.44,59.96,516.7,2.1,0.66,6.37,0.7,11.6,14.04,30.1,28.99,7.03,16.11,5.89,71,4.4,0.87,12.6,2.77,24.2,45.9,1.4,11.4,0.91,62.66,28.25,12.3,1.01,1.08,1.19,0.97,1.97,86,5.75,0.32,0.14,17.68,0.03,14.74,423.62,19.54,10.74,22.11,35.05,0.68,17.5
Chile,5.63684187069922,4.52,25.27,-3.06,10.58,11.69,9.1,2.39,19.96,6.33,58.47,11.81,0.72,31.42,75.28,-11.83,10.0,7.07,40.0,36.28,-6.9,0.89,1,52.31,0.14,0.15,0.19,1.14,0.03,11.53,4.56,10.7,1.23,59.78,2.63,67.45,25.17,437.75,4.04,0.74,23.47,0.99,16.5,21.79,46.0,22.58,6.17,8.6,1.21,70,5.8,0.75,29.0,5.18,22.5,79.0,1.61,21.5,0.72,57.36,18.6,17.6,1.1,1.45,1.12,1.22,4.84,66,5.67,0.0,0.27,5.99,87.27,3.34,436.62,0.45,10.39,25.26,13.5,0.8,2.58
Croatia,5.54234584944602,2.61,20.22,-2.71,8.4,10.45,7.6,2.81,21.9,10.2,63.4,18.33,0.86,35.0,81.85,-3.72,18.0,39.45,35.4,80.86,-2.38,2.13,1,186.9,0.26,0.46,0.79,5.59,0.3,7.3,4.36,25.18,6.3,53.13,1.42,87.2,24.9,471.85,2.45,0.56,14.06,1.24,12.5,16.8,28.3,31.13,6.13,12.45,3.07,69,3.9,0.5,10.45,3.51,20.4,54.4,1.48,11.5,0.87,48.6,33.92,20.8,0.91,0.89,0.92,1.02,0.97,85,4.27,0.15,0.33,5.85,65.34,2.83,418.0,28.71,17.0,31.6,17.06,0.92,4.55
Cyprus,5.04192967425813,2.25,16.89,-1.97,6.97,5.51,7.7,2.55,17.1,8.1,70.8,16.54,0.85,46.1,85.48,-1.37,12.5,38.21,35.0,103.93,-0.01,2.2,1,291.7,0.88,0.25,0.46,3.74,2.44,6.7,4.12,19.32,9.0,61.53,9.74,84.6,47.0,438.02,1.88,0.28,25.67,0.87,7.3,16.8,29.3,19.64,6.22,15.87,1.65,72,2.3,0.71,14.01,4.3,20.7,76.3,1.31,9.0,0.86,63.4,21.43,9.1,0.92,0.85,1.43,1.0,1.24,80,4.84,0.06,0.37,9.99,56.46,0.21,609.0,15.27,17.0,12.05,36.58,0.79,9.6
Czechia,5.77918682656376,3.84,30.1,-2.21,6.03,3.26,2.9,0.79,8.2,11.7,74.4,17.77,0.83,17.6,81.35,-6.21,19.0,42.59,23.0,41.85,-5.43,0.74,1,114.16,0.11,0.68,1.31,8.69,0.5,20.16,4.16,20.78,1.76,50.0,0.99,94.4,26.4,495.49,7.4,0.55,10.52,1.33,4.4,9.3,24.2,22.5,6.92,12.37,3.75,69,2.3,0.48,11.53,4.1,4.8,78.2,1.71,6.2,0.84,69.8,32.06,4.8,0.94,1.41,1.14,1.08,0.72,86,4.99,0.13,0.24,10.55,63.0,2.33,507.0,21.7,17.0,15.85,21.3,0.92,11.74
Denmark,7.86528919534318,1.94,23.18,-2.56,4.5,4.13,5.1,0.97,10.8,6.8,75.5,8.73,0.93,9.3,91.14,-0.92,22.0,40.63,55.9,37.31,-0.5,0.54,1,146.86,0.1,0.84,2.09,16.18,2.73,245.91,5.41,20.32,1.25,48.95,2.45,82.1,41.9,501.06,3.75,0.45,8.14,0.8,6.9,9.6,27.0,39.66,7.64,5.06,8.83,71,3.1,0.79,12.38,4.25,67.7,36.6,1.67,6.1,0.93,72.3,32.1,2.6,0.89,0.99,1.77,0.91,0.95,89,5.85,0.7,0.5,7.46,0.0,3.62,845.0,35.5,14.41,37.52,25.86,0.96,8.0
Estonia,6.95976060301253,4.49,30.52,-5.11,9.26,8.35,6.5,1.56,16.7,12.0,74.0,21.95,0.96,15.8,89.88,-3.61,20.0,34.41,20.0,18.05,-2.36,0.03,1,46.23,0.16,0.61,1.02,8.26,4.81,34.04,4.88,23.52,1.09,44.2,1.02,89.5,41.2,525.51,1.78,0.35,4.22,0.55,12.2,15.2,30.6,28.71,6.34,17.32,4.8,69,1.7,0.42,19.88,3.48,26.7,93.5,1.58,10.6,0.94,71.6,33.08,16.8,1.06,1.21,1.59,0.96,3.17,89,5.99,0.17,0.22,8.7,0.0,9.33,383.0,26.11,17.0,31.29,37.53,0.91,9.67
Finland,7.41315148435512,2.07,24.54,-2.74,3.8,3.3,7.8,1.84,17.1,13.6,72.7,8.63,0.97,31.6,90.89,-2.38,20.0,47.15,51.26,66.69,-2.75,0.49,1,230.43,0.35,0.78,2.02,17.23,2.99,237.6,5.87,18.51,1.45,51.8,5.03,88.9,42.3,516.42,3.47,0.77,7.01,0.64,5.1,11.2,26.5,46.0,7.82,17.16,4.32,71,1.9,0.69,16.36,3.48,39.6,85.3,1.37,3.2,0.96,68.3,37.39,4.8,0.84,0.74,1.94,0.9,1.64,92,6.72,0.47,0.19,8.64,0.0,12.14,596.0,28.19,12.47,45.76,36.73,1.0,5.5
France,6.90599514222624,2.06,24.99,-0.81,4.58,6.98,7.9,2.32,18.9,12.0,67.2,7.74,0.92,28.3,79.18,-5.87,25.8,43.74,51.46,112.33,-5.82,1.39,1,315.91,0.57,0.69,1.5,11.98,1.23,101.51,5.26,16.81,2.55,47.88,7.87,82.2,40.7,493.66,8.22,0.67,12.52,1.0,8.3,15.9,29.3,39.51,6.69,11.82,2.85,72,3.4,0.78,8.94,3.17,57.2,97.0,1.83,10.2,0.92,55.9,34.33,5.9,0.77,0.84,1.7,0.89,1.35,85,5.26,0.52,0.3,5.93,4.94,2.38,535.0,22.62,16.99,15.53,17.1,0.94,5.72
Germany,7.2955185608587,3.21,22.65,-3.42,5.48,2.79,3.6,1.16,6.9,7.0,75.8,17.64,0.91,7.1,82.16,-2.61,29.8,41.5,47.48,70.21,-3.28,0.59,1,297.15,0.32,0.88,2.29,11.38,2.8,223.53,5.23,16.77,1.05,56.7,3.47,84.8,30.9,500.44,7.19,0.55,12.82,1.05,10.2,9.7,30.5,31.17,7.03,13.89,3.21,71,3.1,0.63,11.63,4.53,16.4,47.5,1.53,9.9,0.9,71.8,34.35,11.5,0.72,0.85,2.17,0.88,0.93,88,5.1,0.74,0.36,8.76,7.06,1.49,632.0,47.78,17.0,17.17,19.4,1.0,8.63
Greece,4.69663397508452,0.57,17.84,-1.17,0.65,8.34,14.9,9.26,35.5,16.6,57.2,16.43,0.73,55.7,77.14,-6.66,22.0,41.33,54.0,198.93,-5.91,2.46,1,453.39,1.49,0.64,0.86,11.59,0.18,12.48,4.44,13.05,9.16,52.83,7.21,79.8,34.6,453.47,3.79,0.27,19.87,0.97,11.8,19.5,31.4,21.67,5.95,8.91,1.8,71,3.6,0.89,33.44,6.16,21.5,86.1,1.34,14.7,0.79,48.3,35.41,5.8,0.86,0.58,1.62,0.96,0.75,78,4.07,0.12,0.34,6.98,42.62,1.17,524.0,16.03,17.0,18.51,15.17,0.68,6.61
Hungary,5.11435951674567,5.12,30.16,-3.75,5.88,7.12,4.1,1.26,13.5,9.6,73.1,20.26,0.88,23.0,80.57,-6.08,10.8,38.23,15.0,78.11,-4.88,2.34,1,199.12,0.23,0.49,0.99,9.32,0.91,24.53,3.9,16.92,3.77,55.2,1.77,86.3,29.3,479.33,8.74,0.67,15.46,1.14,7.2,15.0,28.0,12.06,6.09,9.93,3.72,67,3.4,0.67,25.52,3.28,10.5,89.5,1.56,8.1,0.88,62.8,31.71,6.2,1.04,1.36,0.85,1.1,0.83,85,4.54,0.29,0.28,6.43,73.9,2.57,364.0,22.25,17.0,13.64,15.27,0.9,5.73
Iceland,6.09127692869033,4.45,23.0,-2.28,8.02,4.35,6.2,1.28,12.0,6.8,79.8,7.6,0.93,15.4,83.75,-5.01,20.0,32.25,46.25,75.02,-6.58,4.09,1,239.78,0.12,0.75,1.72,10.9,4.54,114.66,4.84,23.05,2.06,42.45,2.17,82.0,42.6,481.4,2.18,0.9,13.71,0.79,4.5,7.4,23.2,38.1,7.56,12.9,3.89,72,1.5,0.77,14.81,3.89,61.3,98.1,1.72,5.0,0.94,80.2,24.8,3.4,1.01,1.01,2.13,0.95,1.47,92,6.41,0.28,0.08,12.38,0.0,29.55,702.0,20.57,13.76,81.07,59.61,0.51,37.13
Ireland,6.74286575255124,2.41,24.2,0.44,9.74,13.48,6.3,1.61,14.5,8.6,69.8,14.9,0.88,12.6,94.59,0.25,12.5,43.85,40.0,55.27,-1.24,0.78,2,312.98,0.41,0.28,0.95,10.88,0.13,89.6,4.71,23.67,2.8,47.2,5.68,87.5,52.7,504.61,3.63,0.07,7.49,0.65,6.6,10.8,28.3,22.5,7.04,5.17,4.97,71,2.6,0.8,10.32,4.05,22.9,92.7,1.63,6.9,0.88,62.8,23.06,4.6,1.09,1.22,1.27,1.04,0.69,85,5.68,0.31,0.76,11.63,0.0,3.07,555.0,31.53,14.09,12.34,49.25,0.76,13.02
Israel,5.83767737346114,1.49,22.79,-1.45,7.89,8.19,5.09,0.47,7.76,4.84,66.6,22.41,0.96,5.9,89.61,-4.19,23.0,23.83,50.0,68.93,-1.97,2.16,1,113.82,0.13,0.49,4.65,17.38,1.01,243.78,4.68,10.88,1.13,59.3,1.12,88.01,50.12,465.22,6.5,0.88,22.08,0.85,17.3,17.62,34.2,27.5,7.36,22.66,0.36,72,2.9,0.91,17.14,3.31,57.7,100.0,2.9,22.0,0.95,67.37,21.07,18.9,1.03,1.38,0.75,0.87,1.47,84,5.09,0.08,0.4,8.77,80.01,0.18,691.16,6.43,13.07,4.47,30.76,0.42,8.73
Italy,6.08933450461676,1.94,20.01,0.33,4.9,6.64,9.7,5.51,29.7,12.4,58.2,3.71,0.74,62.8,63.95,-4.63,27.81,35.42,47.13,150.86,-3.8,3.54,1,540.42,0.46,0.47,0.99,7.44,0.92,62.46,4.53,16.5,3.35,54.85,4.03,62.7,20.0,476.96,2.83,0.49,13.77,0.87,13.4,26.1,32.5,35.71,6.47,7.64,6.42,72,2.5,0.88,21.76,4.13,26.3,93.2,1.24,16.8,0.75,53.4,37.12,10.2,0.8,0.6,1.47,1.02,0.47,84,4.85,0.28,0.41,6.39,49.93,0.82,503.0,30.02,17.0,17.27,11.85,0.81,5.85
Japan,5.89427819580067,-0.26,25.23,0.98,0.66,1.62,2.97,1.01,4.62,0.0,77.65,10.88,0.85,23.46,81.63,-6.93,29.74,33.33,55.95,263.14,-7.04,1.48,1,955.87,0.35,0.5,2.78,10.03,1.63,360.64,6.21,14.64,1.22,63.13,5.06,80.34,52.68,519.99,3.0,0.1,6.42,1.15,15.7,10.08,33.4,9.89,6.04,22.52,2.95,74,1.8,0.71,13.31,2.6,32.6,91.8,1.34,14.0,0.85,76.91,48.64,20.0,0.9,0.87,1.29,0.79,0.25,86,6.23,0.34,0.3,9.09,23.93,0.59,336.88,19.19,17.0,7.69,18.18,0.92,8.68
Latvia,6.19576697807448,3.24,27.28,-6.35,8.96,4.67,7.9,2.28,14.8,13.7,69.9,21.93,0.95,34.7,89.0,-7.1,20.0,26.5,31.0,45.62,-4.76,0.49,1,98.94,0.37,0.23,0.41,4.79,0.59,15.74,4.69,23.59,2.47,55.28,2.22,92.2,39.0,487.36,2.06,0.81,9.16,0.51,16.2,15.2,35.7,30.0,6.18,20.29,3.14,66,3.4,0.4,32.25,3.34,26.3,78.6,1.55,10.7,0.93,67.8,33.85,31.5,1.04,0.95,1.01,0.96,3.71,81,4.72,0.12,0.31,5.48,21.35,8.16,478.0,32.43,17.0,41.52,31.04,0.8,5.82
Lithuania,6.49256091232893,4.63,19.26,-5.94,10.32,4.94,7.4,2.61,14.3,15.3,72.4,21.63,0.99,25.0,88.81,-2.96,15.0,27.88,32.0,43.0,-2.9,0.45,1,121.92,0.32,0.32,0.67,7.82,0.12,14.55,4.76,24.2,0.86,50.95,0.91,94.9,45.4,479.71,5.23,0.7,13.87,0.46,12.9,16.1,35.1,26.95,6.45,11.69,3.9,67,2.7,0.37,28.69,4.48,16.2,87.1,1.48,12.5,0.97,68.0,33.33,20.8,1.02,0.91,1.37,0.94,3.71,82,5.17,0.13,0.32,7.22,0.0,4.75,483.0,24.43,16.94,33.53,40.13,0.91,5.29
Luxembourg,7.41955010925634,3.47,18.18,-6.7,10.25,6.89,5.3,1.78,16.9,5.8,69.4,11.08,0.91,9.3,87.37,0.41,24.94,37.76,45.78,25.09,0.45,0.16,1,207.1,0.12,0.51,0.67,10.62,0.32,136.12,5.14,20.72,0.79,54.98,23.51,80.3,50.5,476.73,7.08,0.52,17.41,0.94,9.2,10.3,31.2,30.0,7.4,3.4,5.33,72,2.3,0.88,8.47,2.98,63.2,85.6,1.37,11.9,0.91,46.6,21.0,3.9,0.93,1.48,1.43,1.12,0.16,90,6.16,0.99,0.43,14.48,0.0,1.21,790.0,29.37,17.0,16.45,45.47,0.98,13.94
Malta,5.70922098478841,0.71,23.24,-1.19,7.14,9.41,3.6,0.96,9.6,4.4,75.0,16.29,0.81,10.0,76.17,-8.25,35.0,38.48,35.0,57.36,-8.01,1.32,1,211.76,0.1,0.18,0.39,3.96,0.64,22.7,4.59,18.27,3.62,53.93,4.89,61.6,31.7,458.85,2.44,0.37,22.58,0.94,8.3,10.1,30.3,13.43,6.45,11.09,1.3,71,5.6,0.69,34.3,4.11,29.7,80.7,1.13,11.5,0.8,51.7,34.21,9.1,1.26,1.57,1.33,1.09,1.59,88,4.17,0.4,0.73,4.12,25.49,0.49,643.0,10.58,17.0,7.7,40.67,0.72,4.12
Mexico,4.64882262489122,5.69,20.22,-0.54,11.68,4.8,4.26,0.2,7.93,3.22,61.04,16.93,0.6,17.91,65.81,-2.21,30.0,3.45,35.0,57.63,-0.52,2.68,1,46.28,0.15,0.23,0.07,1.24,0.04,1.64,4.14,16.78,2.4,53.08,1.16,41.6,19.43,416.16,3.4,0.53,35.03,1.01,16.6,24.81,42.0,48.2,6.13,9.61,3.07,66,11.8,0.78,38.77,2.41,4.0,82.5,2.08,19.9,0.6,53.12,11.75,19.8,1.61,2.15,1.89,0.85,28.37,63,2.48,0.0,0.33,5.82,97.58,1.15,359.01,4.99,13.68,10.34,10.85,0.81,4.22
Netherlands,6.52138948340994,2.83,21.21,-2.68,7.25,5.04,4.2,0.85,9.3,4.4,80.1,6.37,0.92,3.7,87.41,-4.71,25.8,33.33,49.5,56.74,-5.36,0.56,1,229.73,0.2,0.64,1.54,11.45,1.06,197.04,6.25,19.37,1.51,64.63,4.73,80.6,43.1,502.47,4.06,0.35,10.8,0.95,7.0,4.1,28.2,33.33,7.41,12.66,4.55,71,3.6,0.71,9.28,3.83,67.6,93.2,1.55,7.6,0.92,71.4,31.95,4.6,0.83,0.9,2.19,0.81,0.62,89,5.99,0.52,0.33,9.42,0.04,0.78,534.0,27.72,16.96,8.54,32.26,0.98,9.62
New Zealand,6.5496700304672,3.94,24.52,-0.42,3.77,5.63,3.97,0.42,10.48,4.89,78.34,8.26,0.9,26.56,91.05,-5.11,28.0,29.52,39.0,49.08,-4.25,1.15,1,118.37,0.18,0.44,0.97,10.61,1.12,55.93,4.69,11.9,0.5,62.95,3.8,80.93,40.12,502.9,5.03,0.39,10.89,0.9,12.4,14.67,32.0,48.33,7.2,4.58,6.41,70,3.9,0.94,12.91,3.53,47.6,94.6,1.61,14.8,0.9,77.93,26.16,16.8,1.19,1.6,0.78,1.01,2.63,83,6.21,0.28,0.25,15.48,0.0,8.84,781.13,15.3,15.52,29.65,30.7,0.79,10.9
Norway,7.64919204760466,3.48,25.21,-13.16,3.81,3.92,4.5,1.05,12.6,6.7,76.3,8.71,0.95,7.1,85.13,-12.1,22.0,38.88,39.4,48.1,-1.56,0.28,1,200.19,0.24,1.01,1.15,13.94,0.65,128.82,4.92,22.22,0.73,53.3,3.63,82.5,47.3,496.94,2.64,0.72,11.26,0.91,7.2,7.7,25.3,41.42,7.37,4.81,2.54,71,1.8,0.78,13.67,5.18,62.1,77.8,1.48,8.0,0.95,74.6,27.33,1.6,0.9,0.99,2.62,0.9,0.57,94,5.79,0.93,0.3,9.18,0.0,6.91,726.0,35.26,13.95,62.37,38.82,0.98,5.39
Poland,5.16985053106614,5.1,20.79,-3.72,8.88,5.67,3.4,0.89,11.9,7.3,70.3,18.8,0.83,14.4,76.43,-3.64,19.0,37.83,32.0,55.55,-1.39,1.12,1,135.57,0.15,0.51,0.81,7.86,0.37,10.79,4.39,16.37,2.87,46.05,0.88,93.2,33.2,512.85,4.54,0.73,6.7,0.85,8.8,15.2,27.2,28.7,6.12,8.69,1.93,69,3.7,0.64,19.56,2.38,11.2,58.1,1.38,7.8,0.83,54.7,29.63,9.3,1.06,1.77,1.73,1.15,0.7,81,4.09,0.15,0.29,9.91,92.64,1.88,346.0,26.59,17.0,12.18,17.85,0.73,9.35
Portugal,6.16829368547692,0.94,19.68,-0.38,3.16,4.88,6.7,2.85,23.4,6.3,70.1,4.16,0.93,41.1,83.75,-0.53,31.5,39.33,53.0,127.54,-0.53,2.45,1,350.53,0.61,0.6,1.02,11.75,0.18,24.49,5.04,16.32,4.27,56.88,4.39,59.5,31.1,491.99,4.12,0.36,12.64,0.82,10.3,12.4,31.2,40.0,6.02,11.72,1.89,71,2.7,0.59,28.6,5.33,53.0,88.2,1.4,13.1,0.94,63.4,36.18,9.0,1.28,1.3,1.17,1.1,0.91,91,5.78,0.18,0.39,5.58,0.0,1.29,513.0,12.67,17.0,28.19,12.25,0.83,4.92
Romania,5.10154776826433,5.05,26.24,-1.49,9.51,5.88,5.6,2.04,21.0,12.4,61.9,20.78,0.74,65.8,85.22,-6.36,16.0,33.79,10.0,51.36,-5.4,1.29,1,110.56,0.23,0.16,0.32,2.42,0.09,3.13,3.57,22.08,3.78,59.38,1.32,81.0,18.8,427.79,7.75,0.37,29.78,1.2,16.4,24.0,33.8,21.88,6.48,3.5,1.95,67,5.6,0.78,19.03,3.18,6.8,59.4,1.6,21.8,0.73,43.8,30.31,15.0,1.06,2.58,1.12,0.87,1.46,80,4.96,0.12,0.42,5.69,44.57,3.18,287.0,7.32,16.37,23.54,16.04,0.84,3.99
Slovakia,5.64300602328046,2.83,21.4,-2.41,3.37,3.02,6.9,3.87,20.6,39.0,69.4,16.0,0.89,20.8,80.62,-2.47,21.0,42.04,25.0,60.43,-5.54,1.11,1,134.66,0.33,0.36,0.55,6.74,0.07,10.99,3.73,18.25,2.12,53.18,1.4,93.3,27.9,469.4,7.98,0.55,16.95,1.27,7.3,15.9,20.9,22.67,6.39,11.01,1.03,69,4.7,0.66,18.68,3.57,4.8,86.8,1.57,12.1,0.9,60.6,25.64,3.9,1.02,1.25,1.19,1.06,1.15,83,3.39,0.13,0.24,6.78,98.34,2.79,433.0,28.64,17.0,17.64,19.14,0.92,5.18
Slovenia,6.38939024860292,1.91,22.02,-2.42,6.08,8.12,4.8,1.95,12.8,7.8,71.4,17.06,0.91,9.6,83.27,-5.87,19.0,44.59,50.0,74.7,-4.15,1.27,1,218.39,0.42,0.51,1.54,10.75,0.39,43.93,4.33,16.78,2.06,35.88,1.11,91.3,40.3,503.75,4.89,0.51,8.03,1.06,6.3,7.4,23.5,27.78,6.63,8.19,2.98,71,1.8,0.65,12.39,3.3,44.3,95.8,1.6,4.9,0.93,52.7,33.42,9.1,0.87,0.5,1.46,0.94,0.53,91,5.46,0.19,0.29,7.56,79.45,2.2,487.0,44.97,17.0,20.86,25.38,0.83,5.3
South Korea,6.02958265618646,2.5,31.82,-0.25,4.92,4.02,3.64,0.04,8.51,4.34,66.53,15.96,0.77,13.54,87.42,-0.27,27.5,18.27,49.5,49.77,-1.0,1.08,1,196.83,0.08,1.08,3.74,16.6,0.73,359.52,5.79,15.48,0.22,63.8,0.81,89.36,50.71,519.66,2.99,0.38,7.55,1.53,15.3,22.16,33.1,19.0,5.94,31.48,8.21,73,2.6,0.67,26.56,2.51,62.7,94.5,0.84,9.8,0.77,66.31,23.28,40.4,1.02,0.6,2.0,1.06,0.6,86,5.34,0.16,0.19,13.56,99.45,0.64,413.0,56.52,16.7,3.36,22.01,0.88,12.8
Spain,6.50870381050177,3.09,21.5,-1.78,3.62,5.13,14.9,6.17,34.8,19.8,62.7,10.83,0.86,53.4,84.74,-3.64,25.0,34.83,45.0,118.72,-5.11,2.16,1,348.11,0.55,0.47,0.78,7.67,0.64,38.99,5.52,15.1,2.92,56.58,5.31,63.9,40.7,482.32,3.22,0.43,10.33,0.83,14.6,15.5,32.1,44.0,6.48,8.62,3.17,72,2.7,0.8,19.62,4.58,45.5,97.9,1.23,20.7,0.9,55.8,31.04,10.6,0.96,0.7,1.64,0.95,0.64,87,6.31,0.25,0.38,5.8,1.59,1.54,455.0,18.9,17.0,17.27,13.48,0.91,5.05
Sweden,7.97715656453944,2.65,25.61,-2.61,5.23,4.8,9.0,1.7,24.7,23.8,75.4,3.61,0.95,25.1,85.28,-0.52,20.6,35.8,52.24,37.3,-1.12,0.23,1,125.06,0.09,0.82,2.57,16.67,0.8,337.03,5.07,21.11,0.47,44.63,3.53,87.5,46.7,502.54,4.14,1.12,10.49,0.87,9.0,7.7,26.8,46.99,7.38,7.42,3.32,72,2.1,0.76,13.43,4.29,54.1,96.0,1.66,11.0,0.95,76.9,33.08,4.9,0.78,0.97,3.52,0.82,1.23,88,5.13,0.92,0.26,4.48,0.0,8.96,431.0,20.19,10.64,52.88,26.72,0.96,0.63
Switzerland,7.32327037755728,0.58,23.76,-1.63,2.03,3.72,5.3,2.11,8.8,9.9,79.3,9.53,0.91,8.0,87.66,-1.63,19.7,21.39,41.67,42.23,-1.78,0.22,1,220.0,0.03,0.86,2.29,10.53,1.09,328.3,5.84,18.82,0.68,70.05,4.12,87.4,45.0,498.17,6.76,0.4,10.69,1.15,9.6,7.7,31.2,41.5,7.51,13.78,3.62,73,3.5,0.81,21.97,4.45,31.4,61.2,1.46,11.8,0.91,72.3,29.55,16.1,0.79,0.98,2.13,0.92,0.54,93,6.43,0.51,0.6,5.03,1.3,0.99,706.0,29.75,9.84,24.76,31.14,0.95,4.83
Turkey,4.78477323779889,19.6,32.07,-8.11,33.31,10.99,12.23,3.73,22.62,11.8,50.22,0.96,0.46,15.3,86.64,-3.3,23.0,19.31,40.76,41.65,-1.77,3.07,1,64.27,0.14,0.31,0.78,5.75,0.09,17.96,4.67,14.38,3.37,61.13,1.56,40.7,22.0,462.48,2.85,0.31,17.11,1.19,15.9,37.2,43.4,17.32,4.74,9.98,2.41,68,8.1,0.89,16.43,1.96,0.2,42.8,2.04,23.4,0.48,33.45,13.83,12.7,1.53,1.38,1.19,0.84,2.48,79,4.35,0.95,0.38,6.3,99.48,1.3,419.72,11.95,0.19,14.12,17.49,0.51,5.62
United Kingdom,6.96526994748495,2.59,17.09,0.5,5.17,7.44,4.51,1.26,12.56,5.0,74.71,18.1,0.92,13.02,86.18,-3.18,19.0,27.95,45.0,95.35,-5.94,2.59,1,273.42,0.35,0.46,1.24,9.64,1.32,97.24,4.91,19.09,0.97,47.18,11.48,81.65,49.39,503.46,3.1,0.22,9.02,0.9,12.4,14.17,36.6,33.85,6.94,12.28,6.11,70,3.6,0.75,12.3,3.18,38.6,69.6,1.56,14.1,0.91,64.52,29.67,15.5,1.05,1.24,1.15,0.99,1.12,85,5.19,0.5,0.43,6.05,0.0,1.03,456.68,25.81,16.72,12.24,17.85,0.76,6.1
United States,5.44352573094675,4.69,21.38,-2.61,6.1,5.68,5.41,1.24,9.73,8.31,69.4,23.81,0.87,4.57,86.76,-8.04,25.81,21.78,43.65,132.63,-8.54,3.51,1,503.73,0.34,0.69,2.76,9.93,2.66,169.54,5.49,14.85,0.81,67.43,9.23,91.72,50.06,495.33,4.37,0.33,12.65,0.83,18.0,14.67,39.5,27.46,6.98,17.65,5.88,66,5.4,0.77,9.94,2.64,28.0,66.0,1.64,21.0,0.87,61.86,26.33,23.0,0.84,0.93,0.78,1.06,6.52,87,5.69,0.18,0.22,18.04,0.16,3.39,810.85,23.63,9.44,10.42,29.65,0.52,15.75
